ABrenner,Brensweets,Thu Jul 27 21:31:14 +0000 2017,"@byDavidGardner @KJ_NBA If you like Forrest Gump but hate the Departed it's time for some soul searching."
Kaylalashüíã,KaylalashXD,Thu Jul 27 21:31:13 +0000 2017,"RT @NBA2K: #NBA2K18 features an Analytics Tool allowing you to plot any two statistics/metrics or vitals against each other. https://t.co/q‚Ä¶"
NewsInfoWorld,NewsInfoWorld_7,Thu Jul 27 21:31:13 +0000 2017,"Magic, guard Arron Afflalo agree to free agent deal https://t.co/RcwS7VSrnB https://t.co/4soR9yqWRE"
BB ‚ùÑÔ∏è,tallkidd_bree,Thu Jul 27 21:31:12 +0000 2017,"RT @BBBaIIer: Paul Pierce was stabbed 11 times (total) in the face, back, and neck and still played all 82 games of the 2000-01 NBA season.‚Ä¶"
„Ö§„Ö§,xdaverxn,Thu Jul 27 21:31:12 +0000 2017,"RT @BBBaIIer: Random NBA fun facts thread: https://t.co/1bhJdnqlPj"
Angry fan,jongreene777,Thu Jul 27 21:31:10 +0000 2017,"RT @NBA2K: Your choices in #NBA2K18's MyGM: The Next Chapter will completely shape the story and how the outcome is determined. https://t.c‚Ä¶"
BIG BALLER GG,Tlvanest47,Thu Jul 27 21:31:10 +0000 2017,"RT @NBA2K: Your choices in #NBA2K18's MyGM: The Next Chapter will completely shape the story and how the outcome is determined. https://t.c‚Ä¶"
#CTTV,MXsouthafrica,Thu Jul 27 21:31:10 +0000 2017,"RT @JesseKriel15: These new NBA caps are too fresh üî•üèÄ , the Bulls one definitely my favorite üòâüêÆ - Go and Grab yours https://t.co/0BasaViBKb‚Ä¶"
MaschineLife.com,A1rWick,Thu Jul 27 21:31:09 +0000 2017,"RT @BBBaIIer: The largest margin of victory in an NBA game is 68.

The Cavs beat the Heat 148-80 on December 17, 1991. https://t.co/oMN5P8R‚Ä¶"
Tony Dabtana,TonyKupka12,Thu Jul 27 21:31:09 +0000 2017,"RT @NBA2K: Your choices in #NBA2K18's MyGM: The Next Chapter will completely shape the story and how the outcome is determined. https://t.c‚Ä¶"
THE P1 FITZY üèà,PhenomenalFitzy,Thu Jul 27 21:31:09 +0000 2017,"RT @warriors: Steph is making the most of his time on the #SC30AsiaTour ¬ª https://t.co/mgEuII7WOT https://t.co/qYFEQkVmzg"
Thunder France,ThunderFrance_,Thu Jul 27 21:31:09 +0000 2017,"Un nouveau dans la communaut√© NBA France allez vous abonner a @TrailblazersFR pour lui souhaiter la bienvenue !"
21 Quen üÉè,QB_SaidIt,Thu Jul 27 21:31:09 +0000 2017,"RT @BBBaIIer: Derek Fisher holds the NBA record for most Playoff games ever played, with 259. 

He played 18 seasons and made the Playoffs‚Ä¶"
…¢ ü…¢ OGSplashNasty üåäüèÄ,iAmOGP,Thu Jul 27 21:31:07 +0000 2017,"I liked a @YouTube video https://t.co/AhyHREA05o NBA 2K18 MyGM INFO LEAKED IMPORTANT MyPARK/MyCAREER INFO!! (MUST WATCH)"
Nana Boa-Appiah,NBA_GH,Thu Jul 27 21:31:07 +0000 2017,"RT @Mourinholic: Find someone who looks at you the same way Lionel Messi and Neymar Jr look at Paul Pogba. https://t.co/wqhmtz44Wa"
Jboogie,BoogieLivinLife,Thu Jul 27 21:31:07 +0000 2017,"RT @AlexKennedyNBA: Shane Larkin explains why he chose an NBA comeback over larger offers overseas and why he joined the Boston Celtics: ht‚Ä¶"
Peace,take_a_Peace,Thu Jul 27 21:31:07 +0000 2017,"RT @BBBaIIer: Maravich once said, "I don't want to play in the NBA for 10 years, die of a heart attack at age 40" 

He played 10 years and‚Ä¶"
SoDo Slayer,SoDoSlayer,Thu Jul 27 21:31:06 +0000 2017,"Insulting. KeyArena is insulting to the NBA and possibily the NHL. NHL will settle. NBA won't.  NBA wants a "Classy‚Ä¶ https://t.co/x8NmKJYNtT"
„Åù„ÅÜ„Å∏„ÅÑ,bballsou,Thu Jul 27 21:31:06 +0000 2017,"RT @NBA: The TOP 10 @ChicagoBulls PLAYS from the 2016-17 season! #BESTofNBA https://t.co/zJlcRvyuP0"
Eric Griffith,EricG_NBA,Thu Jul 27 21:31:05 +0000 2017,"Had to quadruple check that this wasn't from the satire section. https://t.co/HhP2s02seF"
HispanosNBA,hispanosnba,Thu Jul 27 21:31:05 +0000 2017,"Jan Vesely aparca su retorno a la NBA y se queda en Turqu√≠a https://t.co/z0XtfPGVay #NBA"
NBA Vault,NBA_Vault_,Thu Jul 27 21:31:05 +0000 2017,"RT @zackboff: Y'all help me out üôèüèªüôèüèªüôèüèª @SDinwiddie_25 https://t.co/oCG3IzTMjQ"
Sean,DseanLoyd,Thu Jul 27 21:31:04 +0000 2017,"RT @NBA2K: Your choices in #NBA2K18's MyGM: The Next Chapter will completely shape the story and how the outcome is determined. https://t.c‚Ä¶"
Timberwolves Fans,WolvesViews,Thu Jul 27 21:31:04 +0000 2017,"#LetsGoWolves #TWolves BIG3 Week 6: Should we begin the MVP discussion as we head to Dallas? https://t.co/ndMMGZaQ0W"
Easyman_93,Whist_93,Thu Jul 27 21:31:04 +0000 2017,"RT @NBA2K: Your choices in #NBA2K18's MyGM: The Next Chapter will completely shape the story and how the outcome is determined. https://t.c‚Ä¶"
John Camp,JohnCam05,Thu Jul 27 21:31:01 +0000 2017,"RT @TheCrossover: Taj Gibson donates $20,000 to young daughter of woman killed in shooting
https://t.co/1BN939JdGF https://t.co/Pr9VE7dDmm"
Footie Live,_FootieLive,Thu Jul 27 21:31:00 +0000 2017,"QUIZ: How well do you know potential Cleveland Cavaliers trade target Eric Bledsoe?
 https://t.co/zyG8yDHc8j #NBA"
BlaneHits,BlaneHits,Thu Jul 27 21:30:59 +0000 2017,"@ekoreen His game fits what NBA centres are today. Great athlete with good interior D. His game is way better suited for todays NBA than JV"
Peace,take_a_Peace,Thu Jul 27 21:30:58 +0000 2017,"RT @BBBaIIer: Manute Bol (7'7) is the tallest player to ever play in the NBA, while Muggsy Bogues (5'3) is the shortest. 

They played on t‚Ä¶"
The Sporty Mouth,dsportymouth,Thu Jul 27 21:30:58 +0000 2017,"RT @NBA2K: #NBA2K18's MyGM: The Next Chapter is a completely NEW take on franchise modes with its story-driven narrative! https://t.co/q93R‚Ä¶"
Smoothüï¥üèæOperator,_DK_01,Thu Jul 27 21:30:58 +0000 2017,"RT @BBBaIIer: 7-foot tall American males have a 17% chance of playing in the NBA. https://t.co/y9nNj7CaAP"
üî±Ryan The Lion üî±,Ryan18Jones,Thu Jul 27 21:30:58 +0000 2017,"Yooo the NBA analysis are pushing the LeBron to Lakers storyline way to hard , it's actually funny"
Drewbie,_DrewSchroeder,Thu Jul 27 21:30:57 +0000 2017,"RT @Bucks: "I want to be able to jump as high, jump higher than I was, be faster than I was." - @JabariParker

More: https://t.co/DQyUeCamo‚Ä¶"
Nana Boa-Appiah,NBA_GH,Thu Jul 27 21:30:56 +0000 2017,"RT @PremLeaguePanel: Who do you think will finish highest in the Premier League?"
Terio,YourBoyTerio,Thu Jul 27 21:30:56 +0000 2017,"RT @NBA2K: #NBA2K18's MyGM: The Next Chapter is a completely NEW take on franchise modes with its story-driven narrative! https://t.co/q93R‚Ä¶"
DJ Hennessy,HypebeastRelly,Thu Jul 27 21:30:55 +0000 2017,"RT @BBBaIIer: Technically, the OKC Thunder have a championship in their franchise history. 

The Seattle Supersonics won the NBA championsh‚Ä¶"
Money Makin' Mitch,Billy_Shmurda,Thu Jul 27 21:30:55 +0000 2017,"RT @BBBaIIer: Random NBA fun facts thread: https://t.co/1bhJdnqlPj"
Mike Trillexx,MikeTrillexx,Thu Jul 27 21:30:54 +0000 2017,"RT @TheCrossover: Taj Gibson donates $20,000 to young daughter of woman killed in shooting
https://t.co/1BN939JdGF https://t.co/Pr9VE7dDmm"
Randy Gummerman,Gummbyman32,Thu Jul 27 21:30:53 +0000 2017,"RT @OwnersBoxNBA: #NBA #Lakers
C Thomas Bryant has been signed by the Los Angeles Lakers."
unknown,Nba_Nfl_Talks,Thu Jul 27 21:30:53 +0000 2017,"RT @chadsrevenge: @DailyMail North üò§üò≠Korea is going to üò±üòìattack üíÄus? I'müíØüò§ leaving. üòÜBye üôåAmericaüá±üá∑, üòÜHello üòäüíÖCalifornia üòú"
tee caesar,tkaisaraa,Thu Jul 27 21:30:53 +0000 2017,"RT @rapspotlights: NBA Youngboy &amp; his son flexing https://t.co/DctTPDyBC1"
Frank Guo,FrankdaBossKS,Thu Jul 27 21:30:53 +0000 2017,"I liked a @YouTube video https://t.co/Ge963k57E4 Can YOU Name EVERY NBA Team‚Äôs BEST Player?"
Peace,take_a_Peace,Thu Jul 27 21:30:52 +0000 2017,"RT @BBBaIIer: Scott Skiles holds the NBA record for most assists in a single game.

On December 30, 1990 he dished out 30 against the Denve‚Ä¶"
NBA üèÜJEFF,nba_jeff,Thu Jul 27 21:30:51 +0000 2017,"RT @doitlikeBRUTIS: everyday basis https://t.co/GC4jo1oGiA"
B Blessed B Ware,BWare_LaFlare,Thu Jul 27 21:30:51 +0000 2017,"RT @BBBaIIer: Derek Fisher holds the NBA record for most Playoff games ever played, with 259. 

He played 18 seasons and made the Playoffs‚Ä¶"
Amirah Ellison,pubraterta1979,Thu Jul 27 21:30:50 +0000 2017,"RT @ralfbrandao: Votei na op√ß√£o 'Cleveland Cavaliers' em 'Quem leva o t√≠tulo da NBA?' https://t.co/lyQYge66sg"
Kalle Hult√©n,khulten2197,Thu Jul 27 21:30:50 +0000 2017,"Top 10 NBA Trades For Kyrie Irving https://t.co/zFHIlQ5Nzy"
Daxx Leonard,daxxw1lleatu,Thu Jul 27 21:30:49 +0000 2017,"RT @NBA2K: Your choices in #NBA2K18's MyGM: The Next Chapter will completely shape the story and how the outcome is determined. https://t.c‚Ä¶"
Ms Rodriguez,ImRodriguez9,Thu Jul 27 21:30:48 +0000 2017,"RT @MattMurph24: Lamar Odom opens up about cocaine use in Players' Tribune
https://t.co/CDBrlJHjcZ
(via https://t.co/7olK9qcNSV )"
Edwin Bustos,_nba_edwin_,Thu Jul 27 21:30:48 +0000 2017,"RT @MhelFoxx: Back online üòÅ RT and Follow https://t.co/CvQMEmxf0Z @realstreamate @EliteCamPromos @Natuky85 @SX6YY @JuiceLizard @DelMister @‚Ä¶"
York Region News,yorkregionnews,Thu Jul 27 21:30:47 +0000 2017,"Salary Cap Update: Reviewing the Raptors right now... and later https://t.co/IjiHzXbl9q"
#TJTime,ArranTheTJStan,Thu Jul 27 21:30:47 +0000 2017,"RT @NBA2K: Your choices in #NBA2K18's MyGM: The Next Chapter will completely shape the story and how the outcome is determined. https://t.c‚Ä¶"
DJ Hennessy,HypebeastRelly,Thu Jul 27 21:30:47 +0000 2017,"RT @BBBaIIer: The largest margin of victory in an NBA game is 68.

The Cavs beat the Heat 148-80 on December 17, 1991. https://t.co/oMN5P8R‚Ä¶"
Coach Trent,CoachTrent,Thu Jul 27 21:30:47 +0000 2017,"Twitter finds it hilarious that the Warriors are signing a player named Cleveland https://t.co/9Fz7y2QQfT"
Rushion,Rushion7,Thu Jul 27 21:30:45 +0000 2017,"RT @NBA2K: Your choices in #NBA2K18's MyGM: The Next Chapter will completely shape the story and how the outcome is determined. https://t.c‚Ä¶"
Ian Rivera,ianjordan03,Thu Jul 27 21:30:45 +0000 2017,"RT @NBA2K: Your choices in #NBA2K18's MyGM: The Next Chapter will completely shape the story and how the outcome is determined. https://t.c‚Ä¶"
Malai üåê,oliveira_malai,Thu Jul 27 21:30:45 +0000 2017,"RT @KingOfQueenz: Sell Dope.
Rap.
Go To NBA.
In that Order."
T R E Y,BennyTheThird,Thu Jul 27 21:30:44 +0000 2017,"RT @NBA2K: Your choices in #NBA2K18's MyGM: The Next Chapter will completely shape the story and how the outcome is determined. https://t.c‚Ä¶"
Ivan Khan,Ivez,Thu Jul 27 21:30:44 +0000 2017,"Great article on the benefits of playing for a Finals bound NBA team @carmeloanthony @KingJames @EBled2 @KyrieIrving https://t.co/msGBBsarPK"
Fran Rodr√≠guez,FranGarcia_82,Thu Jul 27 21:30:44 +0000 2017,"RT @IsolationNBA: #NBA Thomas Bryant (42 en el Draft 2017) lleg√≥ a un acuerdo con los Lakers para la 17/18. La franquicia tendr√° la opci√≥n‚Ä¶"
Derrick Lamon,lifewithDerrick,Thu Jul 27 21:30:43 +0000 2017,"RT @NBA2K: Your choices in #NBA2K18's MyGM: The Next Chapter will completely shape the story and how the outcome is determined. https://t.c‚Ä¶"
BLEKüíéü¶Ö :),Dylan_blek,Thu Jul 27 21:30:42 +0000 2017,"RT @NBA2K: Your choices in #NBA2K18's MyGM: The Next Chapter will completely shape the story and how the outcome is determined. https://t.c‚Ä¶"
Nate,NathanLuque1,Thu Jul 27 21:30:42 +0000 2017,"RT @NBA2K: Your choices in #NBA2K18's MyGM: The Next Chapter will completely shape the story and how the outcome is determined. https://t.c‚Ä¶"
King,ColdCity7,Thu Jul 27 21:30:42 +0000 2017,"RT @MrChuckD: In my 1990s prime I spit like Alonzo Mourning played @nba ball #intensityOnStage https://t.co/14zRjRd6pk"
K.O@Êµ∑Êú™Êé®„Åó,kensei_umi_nba_,Thu Jul 27 21:30:39 +0000 2017,"Â≠¶Áîü„ÅØËµ∑Â∫ä„ÅÆÊôÇÂàª„Åã„Å™
„Åä„Å£„ÅØ„Çà„ÉºÔºÅÔºÅ"
üí∞,money_man_miles,Thu Jul 27 21:30:37 +0000 2017,"RT @NBA2K: Your choices in #NBA2K18's MyGM: The Next Chapter will completely shape the story and how the outcome is determined. https://t.c‚Ä¶"
KungFuKennyü•ã,baezalejandro11,Thu Jul 27 21:30:37 +0000 2017,"RT @NBA2K: #NBA2K18's MyGM: The Next Chapter is a completely NEW take on franchise modes with its story-driven narrative! https://t.co/q93R‚Ä¶"
Canadian BAEcon,LightsPlease___,Thu Jul 27 21:30:37 +0000 2017,"RT @BBBaIIer: The creator of the game "NBA Jam" hated the Chicago Bulls so much, he embedded a special code that made them miss last-second‚Ä¶"
All Ball,allballapp,Thu Jul 27 21:30:36 +0000 2017,"Underrated KG quote "Michelle you look good tonight girl" https://t.co/rWTcrvzvzQ #NBA"
Casper,CalabasasCas,Thu Jul 27 21:30:36 +0000 2017,"RT @BBBaIIer: If an NBA team has 5 or more players die, the NBA holds a draft where teams can keep 5 players. 

The rest are thrown into a‚Ä¶"
üëë,Janaeee_13,Thu Jul 27 21:30:35 +0000 2017,"RT @rapspotlights: NBA Youngboy &amp; his son flexing https://t.co/DctTPDyBC1"
Mark Bronson,markthebest02,Thu Jul 27 21:30:35 +0000 2017,"RT @NBA2K: Your choices in #NBA2K18's MyGM: The Next Chapter will completely shape the story and how the outcome is determined. https://t.c‚Ä¶"
Dabb Daddy H-K,dhk37,Thu Jul 27 21:30:35 +0000 2017,"RT @BBBaIIer: Michael Jordan owns the NBA record for career points per game:

30.12 PPG https://t.co/u5HkZhkXu3"
TruüëëüèÄüíØ,_issalifestyle,Thu Jul 27 21:30:35 +0000 2017,"@EASPORTSNBA @SimFBallCritic NBA live mobile plays so much smoother without the crowd, no lag at all, should allow‚Ä¶ https://t.co/Gt2g04ZyJh"
Sports At Home,SportsAtHomeSLC,Thu Jul 27 21:30:34 +0000 2017,"RT @usatodaysports: Adam Silver says the former home of the SuperSonics will "no doubt be on a short list of cities" for NBA expansion. htt‚Ä¶"
Juanisho,juanloar_181,Thu Jul 27 21:30:34 +0000 2017,"@Hooligan_nba Westbrook?"
NBA NEWS,NBA_NEWS17,Thu Jul 27 21:30:33 +0000 2017,"RT @srkhera: @drose as an off the bench backup PG? Come on man ! Shut up ! TF You talking about ! Don't disrespect the üåπ! #nba #CavsNation‚Ä¶"
Marcos Lobo | ‚ò†Ô∏è,im_lobo,Thu Jul 27 21:30:33 +0000 2017,"RT @NBA2K: Your choices in #NBA2K18's MyGM: The Next Chapter will completely shape the story and how the outcome is determined. https://t.c‚Ä¶"
Rman A.K.A. Izzy,RmanAKAIzzy,Thu Jul 27 21:30:33 +0000 2017,"RT @NBA2K: Your choices in #NBA2K18's MyGM: The Next Chapter will completely shape the story and how the outcome is determined. https://t.c‚Ä¶"
barbosa,gui_sccp19,Thu Jul 27 21:30:32 +0000 2017,"RT @NBA2K: Your choices in #NBA2K18's MyGM: The Next Chapter will completely shape the story and how the outcome is determined. https://t.c‚Ä¶"
Brandon,Blues_Got_Cup,Thu Jul 27 21:30:31 +0000 2017,"RT @NBA2K: Your choices in #NBA2K18's MyGM: The Next Chapter will completely shape the story and how the outcome is determined. https://t.c‚Ä¶"
B Blessed B Ware,BWare_LaFlare,Thu Jul 27 21:30:31 +0000 2017,"RT @BBBaIIer: The New Orleans Jazz were an NBA expansion team added in 1974. 

They would move to Salt Lake City in 1979 and become the Uta‚Ä¶"
üî•SANCHEZ üî•,SanchezDavis4,Thu Jul 27 21:30:31 +0000 2017,"RT @NBA2K: Your choices in #NBA2K18's MyGM: The Next Chapter will completely shape the story and how the outcome is determined. https://t.c‚Ä¶"
Natedog,Natedog3519,Thu Jul 27 21:30:30 +0000 2017,"RT @NBA2K: Your choices in #NBA2K18's MyGM: The Next Chapter will completely shape the story and how the outcome is determined. https://t.c‚Ä¶"
DAMN.,YungD_Love,Thu Jul 27 21:30:30 +0000 2017,"RT @NBA2K: Your choices in #NBA2K18's MyGM: The Next Chapter will completely shape the story and how the outcome is determined. https://t.c‚Ä¶"
Jacob,jacobcrowley203,Thu Jul 27 21:30:30 +0000 2017,"RT @NBA2K: Your choices in #NBA2K18's MyGM: The Next Chapter will completely shape the story and how the outcome is determined. https://t.c‚Ä¶"
„Ç®„É≠„ÅÑ‰∫∫Â¶ª„Å®ÁßòÂØÜ„ÅÆ„Çª„ÉÉ„ÇØ„Çπüíï,nba_gensen,Thu Jul 27 21:30:29 +0000 2017,"RT @m_hibino1: #„Ç¢„ÉÄ„É´„ÉàÂãïÁîª #„Ç®„É≠ÂãïÁîª #AV #„Ç™„Éä„Éã„Éº #„Ç™„Ç´„Ç∫ #Êäú„Åë„Çã #SEX https://t.co/xujVLgvixK"
üèÜ,MarcusNeo25,Thu Jul 27 21:30:29 +0000 2017,"RT @NBA2K: Your choices in #NBA2K18's MyGM: The Next Chapter will completely shape the story and how the outcome is determined. https://t.c‚Ä¶"
Canadian BAEcon,LightsPlease___,Thu Jul 27 21:30:26 +0000 2017,"RT @BBBaIIer: Maravich once said, "I don't want to play in the NBA for 10 years, die of a heart attack at age 40" 

He played 10 years and‚Ä¶"
raymond2k18,suplex_bitch,Thu Jul 27 21:30:26 +0000 2017,"RT @NBA2K: Your choices in #NBA2K18's MyGM: The Next Chapter will completely shape the story and how the outcome is determined. https://t.c‚Ä¶"
Kwick‚Ñ¢,_Kwick,Thu Jul 27 21:30:24 +0000 2017,"RT @BBBaIIer: Maravich once said, "I don't want to play in the NBA for 10 years, die of a heart attack at age 40" 

He played 10 years and‚Ä¶"
I Hate 2K,xDeathTheKiller,Thu Jul 27 21:30:24 +0000 2017,"RT @NBA2K: Your choices in #NBA2K18's MyGM: The Next Chapter will completely shape the story and how the outcome is determined. https://t.c‚Ä¶"
Frank Heat üÖ•,FrankHeat14,Thu Jul 27 21:30:24 +0000 2017,"@footlocker @Dame_Lillard @adidasHoops #LillardFLChat Which is your favorite nba city on the road?"
Adson Douglas‚ú†,adson_douglas19,Thu Jul 27 21:30:24 +0000 2017,"RT @Juninhope08: Com Raulzinho e o franc√™s Gobert, craques do Utah, vesti√°rio maraca. √ìtima temporada pra voc√™s #NBA https://t.co/RnH1gAp0VO"
Randy Gummerman,Gummbyman32,Thu Jul 27 21:30:23 +0000 2017,"RT @NBAWorldNewz: Orlando Magic signs Marreese Speights https://t.co/GvugLAbiZO"
Michael Rehome,MichaelRehome,Thu Jul 27 21:30:23 +0000 2017,"Report: Derrick Rose tried to join Spurs but Spurs passed. #Spurs #GoSpursGo #NBA 

https://t.co/BONgrVFXVU https://t.co/64nRGchqzj"
Scott Saunders,Gollytas,Thu Jul 27 21:30:23 +0000 2017,"@SENBreakfast The NBA is the poster boy of lottery drafts and there is more tanking in the NBA than most other sports"
‚ú∞ *,SAMMYFRESHDEAD,Thu Jul 27 21:30:23 +0000 2017,"RT @BBBaIIer: The creator of the game "NBA Jam" hated the Chicago Bulls so much, he embedded a special code that made them miss last-second‚Ä¶"
Patricio Villoldo,patovilloldo,Thu Jul 27 21:30:23 +0000 2017,"RT @PuliCip: Ver un partido de la NBA en NY. Una experiencia inolvidable! https://t.co/CMURYJtlUC"
Terio,YourBoyTerio,Thu Jul 27 21:30:22 +0000 2017,"RT @NBA2K: Innovation. Authenticity. Engagement. Learn all about #NBA2K18's MyLEAGUE &amp; MyGM modes in our new blog right here! https://t.co/‚Ä¶"
